Date,Currency,Mean,Buy,Sell
6/26/2018,US DOLLAR,100.8283,100.7311,100.9256
6/27/2018,US DOLLAR,100.9439,100.8439,101.0439
6/28/2018,US DOLLAR,101.045,100.945,101.145
6/29/2018,US DOLLAR,101.05,100.95,101.15
7/2/2018,US DOLLAR,100.8861,100.7861,100.9861
7/3/2018,US DOLLAR,100.8411,100.7411,100.9411
7/4/2018,US DOLLAR,100.8411,100.7411,100.9411
7/5/2018,US DOLLAR,100.725,100.625,100.825
7/6/2018,US DOLLAR,100.7583,100.6583,100.8583
7/9/2018,US DOLLAR,100.8083,100.7083,100.9083
7/10/2018,US DOLLAR,100.8883,100.7883,100.9883
7/11/2018,US DOLLAR,100.9056,100.8056,101.0056
7/12/2018,US DOLLAR,100.79,100.69,100.89
7/13/2018,US DOLLAR,100.7944,100.6944,100.8944
7/16/2018,US DOLLAR,100.66,100.56,100.76
7/17/2018,US DOLLAR,100.3944,100.2944,100.4944
7/18/2018,US DOLLAR,100.6228,100.5228,100.7228
7/19/2018,US DOLLAR,100.6339,100.5339,100.7339
7/20/2018,US DOLLAR,100.7333,100.6333,100.8333
7/23/2018,US DOLLAR,100.7417,100.6417,100.8417
7/24/2018,US DOLLAR,100.55,100.45,100.65
7/25/2018,US DOLLAR,100.5139,100.4139,100.6139
7/26/2018,US DOLLAR,100.4889,100.3889,100.5889
7/27/2018,US DOLLAR,100.4639,100.3639,100.5639
7/30/2018,US DOLLAR,100.3378,100.2378,100.4378
7/31/2018,US DOLLAR,100.4083,100.3083,100.5083
8/1/2018,US DOLLAR,100.475,100.375,100.575
8/2/2018,US DOLLAR,100.4556,100.3556,100.5556
8/3/2018,US DOLLAR,100.3472,100.2472,100.4472
8/6/2018,US DOLLAR,100.3833,100.2833,100.4833
8/7/2018,US DOLLAR,100.4694,100.3694,100.5694
8/8/2018,US DOLLAR,100.4028,100.3028,100.5028
8/9/2018,US DOLLAR,100.4222,100.3222,100.5222
8/10/2018,US DOLLAR,100.3639,100.2639,100.4639
8/13/2018,US DOLLAR,100.4872,100.3872,100.5872
8/14/2018,US DOLLAR,100.7333,100.6333,100.8333
8/15/2018,US DOLLAR,100.7278,100.6278,100.8278
8/16/2018,US DOLLAR,100.7722,100.6722,100.8722
8/17/2018,US DOLLAR,100.7861,100.6861,100.8861
8/20/2018,US DOLLAR,100.8583,100.7583,100.9583
8/22/2018,US DOLLAR,100.8922,100.7922,100.9922
8/23/2018,US DOLLAR,100.6356,100.5356,100.7356
8/24/2018,US DOLLAR,100.6778,100.5778,100.7778
8/27/2018,US DOLLAR,100.7856,100.6856,100.8856
8/28/2018,US DOLLAR,100.79,100.6928,100.8872
8/29/2018,US DOLLAR,100.6778,100.5778,100.7778
8/30/2018,US DOLLAR,100.6922,100.5922,100.7922
8/31/2018,US DOLLAR,100.6456,100.5456,100.7456
9/3/2018,US DOLLAR,100.6483,100.5483,100.7483
9/4/2018,US DOLLAR,100.6572,100.5572,100.7572
9/5/2018,US DOLLAR,100.7178,100.6178,100.8178
9/6/2018,US DOLLAR,100.7133,100.6133,100.8133
9/7/2018,US DOLLAR,100.7156,100.6156,100.8156
9/10/2018,US DOLLAR,100.7206,100.6206,100.8206
9/11/2018,US DOLLAR,100.7083,100.6083,100.8083
9/12/2018,US DOLLAR,100.7472,100.6472,100.8472
9/13/2018,US DOLLAR,100.9194,100.8194,101.0194
9/14/2018,US DOLLAR,101.1778,101.0778,101.2778
9/17/2018,US DOLLAR,100.9583,100.8583,101.0583
9/18/2018,US DOLLAR,100.8417,100.7444,100.9389
9/19/2018,US DOLLAR,100.7989,100.6989,100.8989
9/20/2018,US DOLLAR,100.7917,100.6917,100.8917
9/21/2018,US DOLLAR,100.7989,100.6989,100.8989
9/24/2018,US DOLLAR,100.8583,100.7583,100.9583
9/25/2018,US DOLLAR,100.9794,100.8794,101.0794
9/26/2018,US DOLLAR,101.055,100.955,101.155
9/27/2018,US DOLLAR,100.9139,100.8139,101.0139
9/28/2018,US DOLLAR,100.9556,100.8556,101.0556
10/1/2018,US DOLLAR,100.9028,100.8028,101.0028
10/2/2018,US DOLLAR,100.9194,100.8194,101.0194
10/3/2018,US DOLLAR,100.9483,100.8483,101.0483
10/4/2018,US DOLLAR,100.9678,100.8678,101.0678
10/5/2018,US DOLLAR,100.95,100.85,101.05
10/8/2018,US DOLLAR,100.85,100.75,100.95
10/9/2018,US DOLLAR,100.9,100.8,101
10/11/2018,US DOLLAR,100.915,100.815,101.015
10/12/2018,US DOLLAR,100.9183,100.8183,101.0183
10/15/2018,US DOLLAR,100.8972,100.7972,100.9972
10/16/2018,US DOLLAR,100.925,100.825,101.025
10/17/2018,US DOLLAR,100.9706,100.8706,101.0706
10/18/2018,US DOLLAR,100.9744,100.8744,101.0744
10/19/2018,US DOLLAR,101.0261,100.9261,101.1261
10/22/2018,US DOLLAR,101.0444,100.9444,101.1444
10/23/2018,US DOLLAR,101.1044,101.0044,101.2044
10/24/2018,US DOLLAR,101.1328,101.0328,101.2328
10/25/2018,US DOLLAR,101.2106,101.1133,101.3078
10/26/2018,US DOLLAR,101.2333,101.1333,101.3333
10/29/2018,US DOLLAR,101.3233,101.2233,101.4233
10/30/2018,US DOLLAR,101.7028,101.6028,101.8028
10/31/2018,US DOLLAR,101.8472,101.7472,101.9472
11/1/2018,US DOLLAR,102.0544,101.9544,102.1544
11/2/2018,US DOLLAR,101.7361,101.6361,101.8361
11/5/2018,US DOLLAR,101.4556,101.3556,101.5556
11/6/2018,US DOLLAR,101.5089,101.4089,101.6089
11/7/2018,US DOLLAR,101.8222,101.7222,101.9222
11/8/2018,US DOLLAR,101.7806,101.6806,101.8806
11/9/2018,US DOLLAR,101.8556,101.7556,101.9556
11/12/2018,US DOLLAR,102.0961,101.9961,102.1961
11/13/2018,US DOLLAR,102.4417,102.3417,102.5417
11/14/2018,US DOLLAR,102.6639,102.5639,102.7639
11/15/2018,US DOLLAR,102.9056,102.8056,103.0056
11/16/2018,US DOLLAR,103.2072,103.1072,103.3072
11/19/2018,US DOLLAR,103.1028,103.0028,103.2028
11/20/2018,US DOLLAR,102.8056,102.7056,102.9056
11/21/2018,US DOLLAR,102.8583,102.7583,102.9583
11/22/2018,US DOLLAR,102.3583,102.2583,102.4583
11/23/2018,US DOLLAR,102.4489,102.3489,102.5489
11/26/2018,US DOLLAR,102.4683,102.3683,102.5683
11/27/2018,US DOLLAR,102.4533,102.3533,102.5533
11/28/2018,US DOLLAR,102.6794,102.5794,102.7794
11/29/2018,US DOLLAR,102.5983,102.4983,102.6983
11/30/2018,US DOLLAR,102.5444,102.4444,102.6444
12/3/2018,US DOLLAR,102.5111,102.4111,102.6111
12/4/2018,US DOLLAR,102.6794,102.5794,102.7794
12/5/2018,US DOLLAR,102.5997,102.5,102.6994
12/6/2018,US DOLLAR,102.6389,102.5389,102.7389
12/7/2018,US DOLLAR,102.6,102.5,102.7
12/10/2018,US DOLLAR,102.45,102.35,102.55
12/11/2018,US DOLLAR,102.4722,102.3722,102.5722
12/13/2018,US DOLLAR,102.655,102.555,102.755
12/14/2018,US DOLLAR,102.5694,102.4694,102.6694
12/17/2018,US DOLLAR,102.5339,102.4367,102.6311
12/18/2018,US DOLLAR,102.4789,102.3789,102.5789
12/19/2018,US DOLLAR,102.3833,102.2833,102.4833
12/20/2018,US DOLLAR,101.9361,101.8389,102.0333
12/21/2018,US DOLLAR,101.4156,101.3156,101.5156
12/24/2018,US DOLLAR,101.8461,101.7461,101.9461
12/27/2018,US DOLLAR,101.8239,101.7239,101.9239
12/28/2018,US DOLLAR,101.8128,101.7128,101.9128
12/31/2018,US DOLLAR,101.8461,101.7461,101.9461
1/2/2019,US DOLLAR,101.8322,101.7322,101.9322
1/3/2019,US DOLLAR,102.1183,102.0211,102.2156
1/4/2019,US DOLLAR,102.1611,102.0639,102.2583
1/7/2019,US DOLLAR,102.0972,102,102.1944
1/8/2019,US DOLLAR,101.8694,101.7694,101.9694
1/9/2019,US DOLLAR,101.9572,101.8572,102.0572
1/10/2019,US DOLLAR,101.8572,101.7572,101.9572
1/11/2019,US DOLLAR,101.7544,101.6544,101.8544
1/14/2019,US DOLLAR,101.7417,101.6417,101.8417
1/15/2019,US DOLLAR,101.6972,101.5972,101.7972
1/16/2019,US DOLLAR,101.7139,101.6139,101.8139
1/17/2019,US DOLLAR,101.7017,101.6044,101.7989
1/18/2019,US DOLLAR,101.7306,101.6306,101.8306
1/21/2019,US DOLLAR,101.7089,101.6089,101.8089
1/22/2019,US DOLLAR,101.6017,101.5017,101.7017
1/23/2019,US DOLLAR,101.6011,101.5011,101.7011
1/24/2019,US DOLLAR,101.4056,101.3056,101.5056
1/25/2019,US DOLLAR,101.0833,100.9833,101.1833
1/28/2019,US DOLLAR,100.8,100.7,100.9
1/29/2019,US DOLLAR,100.7139,100.6139,100.8139
1/30/2019,US DOLLAR,100.8211,100.7239,100.9183
1/31/2019,US DOLLAR,100.89,100.7928,100.9872
2/1/2019,US DOLLAR,100.6194,100.5194,100.7194
2/4/2019,US DOLLAR,100.375,100.275,100.475
2/5/2019,US DOLLAR,100.15,100.05,100.25
2/6/2019,US DOLLAR,100.0722,99.9722,100.1722
2/7/2019,US DOLLAR,100.095,99.995,100.195
2/8/2019,US DOLLAR,100.1478,100.0478,100.2478
2/11/2019,US DOLLAR,100.3594,100.2594,100.4594
2/12/2019,US DOLLAR,100.5289,100.4289,100.6289
2/13/2019,US DOLLAR,100.2772,100.1772,100.3772
2/14/2019,US DOLLAR,100.2489,100.1489,100.3489
2/15/2019,US DOLLAR,100.24,100.14,100.34
2/18/2019,US DOLLAR,100.1917,100.0917,100.2917
2/19/2019,US DOLLAR,100.1722,100.0722,100.2722
2/20/2019,US DOLLAR,100.2678,100.1678,100.3678
2/21/2019,US DOLLAR,100.24,100.1428,100.3372
2/22/2019,US DOLLAR,100.2228,100.1256,100.32
2/25/2019,US DOLLAR,100.1822,100.0822,100.2822
2/26/2019,US DOLLAR,100.0694,99.9694,100.1694
2/27/2019,US DOLLAR,100.1278,100.0278,100.2278
2/28/2019,US DOLLAR,100.0861,99.9861,100.1861
3/1/2019,US DOLLAR,100.0428,99.9456,100.14
3/4/2019,US DOLLAR,100.0417,99.9417,100.1417
3/5/2019,US DOLLAR,100.0389,99.9389,100.1389
3/6/2019,US DOLLAR,100.0483,99.9483,100.1483
3/7/2019,US DOLLAR,100.0239,99.9239,100.1239
3/8/2019,US DOLLAR,99.71,99.61,99.81
3/11/2019,US DOLLAR,99.6511,99.5511,99.7511
3/12/2019,US DOLLAR,99.6056,99.5056,99.7056
3/13/2019,US DOLLAR,100.1861,100.0861,100.2861
3/14/2019,US DOLLAR,100.24,100.14,100.34
3/15/2019,US DOLLAR,100.1678,100.0678,100.2678
3/18/2019,US DOLLAR,100.2956,100.1956,100.3956
3/19/2019,US DOLLAR,100.6583,100.5583,100.7583
3/20/2019,US DOLLAR,100.85,100.75,100.95
3/21/2019,US DOLLAR,101.0072,100.9072,101.1072
3/22/2019,US DOLLAR,100.7778,100.6778,100.8778
3/25/2019,US DOLLAR,100.7028,100.6028,100.8028
3/26/2019,US DOLLAR,100.9639,100.8639,101.0639
3/27/2019,US DOLLAR,100.9556,100.8556,101.0556
3/28/2019,US DOLLAR,100.8778,100.7778,100.9778
3/29/2019,US DOLLAR,100.75,100.65,100.85
4/1/2019,US DOLLAR,100.7806,100.6861,100.875
4/2/2019,US DOLLAR,100.8444,100.7444,100.9444
4/3/2019,US DOLLAR,100.9033,100.8033,101.0033
4/4/2019,US DOLLAR,100.8006,100.7006,100.9006
4/5/2019,US DOLLAR,100.7167,100.6167,100.8167
4/8/2019,US DOLLAR,100.6333,100.5361,100.7306
4/9/2019,US DOLLAR,100.6417,100.5417,100.7417
4/10/2019,US DOLLAR,100.8422,100.7422,100.9422
4/11/2019,US DOLLAR,101.0944,100.9944,101.1944
4/12/2019,US DOLLAR,100.9528,100.8528,101.0528
4/15/2019,US DOLLAR,100.9906,100.8906,101.0906
4/16/2019,US DOLLAR,100.9972,100.8972,101.0972
4/17/2019,US DOLLAR,101.0556,100.9556,101.1556
4/18/2019,US DOLLAR,101.2583,101.1583,101.3583
4/23/2019,US DOLLAR,101.3353,101.2339,101.4367
4/24/2019,US DOLLAR,101.5361,101.4361,101.6361
4/25/2019,US DOLLAR,101.5478,101.4478,101.6478
4/26/2019,US DOLLAR,101.5122,101.4122,101.6122
4/29/2019,US DOLLAR,101.49,101.3872,101.5928
4/30/2019,US DOLLAR,101.3803,101.2789,101.4817
5/2/2019,US DOLLAR,101.1972,101.0972,101.2972
5/3/2019,US DOLLAR,100.9,100.8,101
5/6/2019,US DOLLAR,101.0978,100.9978,101.1978
5/7/2019,US DOLLAR,100.9417,100.8417,101.0417
5/8/2019,US DOLLAR,101.0472,100.9472,101.1472
5/9/2019,US DOLLAR,101.1856,101.0856,101.2856
5/10/2019,US DOLLAR,101.1344,101.0344,101.2344
5/13/2019,US DOLLAR,101.0736,100.9778,101.1694
5/14/2019,US DOLLAR,101.0692,100.9733,101.165
5/15/2019,US DOLLAR,101.0944,100.9944,101.1944
5/16/2019,US DOLLAR,101.1069,101.0111,101.2028
5/17/2019,US DOLLAR,101.1194,101.0194,101.2194
5/20/2019,US DOLLAR,101.1111,101.0111,101.2111
5/21/2019,US DOLLAR,101.1117,101.0117,101.2117
5/22/2019,US DOLLAR,101.1694,101.0694,101.2694
5/23/2019,US DOLLAR,101.2167,101.1167,101.3167
5/24/2019,US DOLLAR,101.2261,101.1261,101.3261
5/27/2019,US DOLLAR,101.24,101.14,101.34
5/28/2019,US DOLLAR,101.2378,101.14,101.3356
5/29/2019,US DOLLAR,101.2778,101.1778,101.3778
5/30/2019,US DOLLAR,101.4011,101.3011,101.5011
5/31/2019,US DOLLAR,101.3556,101.2556,101.4556
6/3/2019,US DOLLAR,101.2872,101.1872,101.3872
6/4/2019,US DOLLAR,101.2806,101.1806,101.3806
6/6/2019,US DOLLAR,101.35,101.25,101.45
6/7/2019,US DOLLAR,101.3,101.2,101.4
6/10/2019,US DOLLAR,101.205,101.105,101.305
6/11/2019,US DOLLAR,101.2767,101.1767,101.3767
6/12/2019,US DOLLAR,101.3833,101.2833,101.4833
6/13/2019,US DOLLAR,101.3883,101.2883,101.4883
6/14/2019,US DOLLAR,101.5478,101.4478,101.6478
6/17/2019,US DOLLAR,101.8167,101.7167,101.9167
6/18/2019,US DOLLAR,102.0033,101.9033,102.1033
6/19/2019,US DOLLAR,102.0222,101.9222,102.1222
6/20/2019,US DOLLAR,101.9028,101.8028,102.0028
6/21/2019,US DOLLAR,101.8722,101.7722,101.9722
6/24/2019,US DOLLAR,101.8778,101.7778,101.9778
6/25/2019,US DOLLAR,101.9144,101.8144,102.0144
6/26/2019,US DOLLAR,102.1917,102.0917,102.2917
6/27/2019,US DOLLAR,102.17,102.07,102.27
6/28/2019,US DOLLAR,102.2983,102.1983,102.3983
7/1/2019,US DOLLAR,102.3606,102.2606,102.4606
7/2/2019,US DOLLAR,102.7194,102.6194,102.8194
7/3/2019,US DOLLAR,103.0011,102.9011,103.1011
7/4/2019,US DOLLAR,102.2944,102.1944,102.3944
7/5/2019,US DOLLAR,102.6306,102.5306,102.7306
7/8/2019,US DOLLAR,102.6083,102.5083,102.7083
7/9/2019,US DOLLAR,102.6917,102.5917,102.7917
7/10/2019,US DOLLAR,102.7494,102.6494,102.8494
7/11/2019,US DOLLAR,102.9222,102.8222,103.0222
7/12/2019,US DOLLAR,102.9217,102.8217,103.0217
7/15/2019,US DOLLAR,102.9542,102.8583,103.05
7/16/2019,US DOLLAR,103.0278,102.9278,103.1278
7/17/2019,US DOLLAR,103.0522,102.9522,103.1522
7/18/2019,US DOLLAR,103.0575,102.9617,103.1533
7/19/2019,US DOLLAR,103.1028,103.0028,103.2028
7/22/2019,US DOLLAR,103.2167,103.1167,103.3167
7/23/2019,US DOLLAR,103.6139,103.5139,103.7139
7/24/2019,US DOLLAR,103.7628,103.6628,103.8628
7/25/2019,US DOLLAR,104.025,103.925,104.125
7/26/2019,US DOLLAR,103.8,103.7,103.9
7/29/2019,US DOLLAR,103.8194,103.7194,103.9194
7/30/2019,US DOLLAR,104.0733,103.9733,104.1733
7/31/2019,US DOLLAR,104.2098,104.1139,104.3056
8/1/2019,US DOLLAR,104.1722,104.0722,104.2722
8/2/2019,US DOLLAR,103.2322,103.1322,103.3322
8/5/2019,US DOLLAR,103.0056,102.9056,103.1056
8/6/2019,US DOLLAR,103.2014,103.1056,103.2972
8/7/2019,US DOLLAR,103.2722,103.1722,103.3722
8/8/2019,US DOLLAR,103.4375,103.3389,103.5361
8/9/2019,US DOLLAR,103.3733,103.2761,103.4706
8/13/2019,US DOLLAR,103.0667,102.9639,103.1694
8/14/2019,US DOLLAR,103.2533,103.1533,103.3533
8/15/2019,US DOLLAR,103.2633,103.1661,103.3606
8/16/2019,US DOLLAR,103.3322,103.235,103.4294
8/19/2019,US DOLLAR,103.3817,103.2844,103.4789
8/20/2019,US DOLLAR,103.2919,103.1906,103.3933
8/21/2019,US DOLLAR,102.9694,102.8694,103.0694
8/22/2019,US DOLLAR,102.9611,102.8611,103.0611
8/23/2019,US DOLLAR,103.0583,102.9583,103.1583
8/26/2019,US DOLLAR,103.1789,103.0789,103.2789
8/27/2019,US DOLLAR,103.3228,103.2233,103.4222
8/28/2019,US DOLLAR,103.4483,103.3483,103.5483
8/29/2019,US DOLLAR,103.4839,103.3867,103.5811
8/30/2019,US DOLLAR,103.55,103.45,103.65
9/2/2019,US DOLLAR,103.5872,103.4872,103.6872
9/3/2019,US DOLLAR,103.6375,103.5389,103.7361
9/4/2019,US DOLLAR,103.825,103.725,103.925
9/5/2019,US DOLLAR,103.8211,103.7211,103.9211
9/6/2019,US DOLLAR,103.8864,103.7878,103.985
9/9/2019,US DOLLAR,103.825,103.725,103.925
9/10/2019,US DOLLAR,103.7283,103.6283,103.8283
9/11/2019,US DOLLAR,103.665,103.565,103.765
9/12/2019,US DOLLAR,103.7778,103.6778,103.8778
9/13/2019,US DOLLAR,103.7889,103.6889,103.8889
9/16/2019,US DOLLAR,103.7739,103.6739,103.8739
9/17/2019,US DOLLAR,103.7944,103.6944,103.8944
9/18/2019,US DOLLAR,103.86,103.7628,103.9572
9/19/2019,US DOLLAR,103.9133,103.8133,104.0133
9/20/2019,US DOLLAR,103.8319,103.7306,103.9333
9/23/2019,US DOLLAR,103.8319,103.7306,103.9333
9/24/2019,US DOLLAR,103.8639,103.7639,103.9639
9/25/2019,US DOLLAR,103.8283,103.7283,103.9283
9/26/2019,US DOLLAR,103.8617,103.7617,103.9617
9/27/2019,US DOLLAR,103.8167,103.7167,103.9167
9/30/2019,US DOLLAR,103.8856,103.7856,103.9856
10/1/2019,US DOLLAR,103.8572,103.7572,103.9572
10/2/2019,US DOLLAR,103.8639,103.7694,103.9583
10/3/2019,US DOLLAR,103.8617,103.7644,103.9589
10/4/2019,US DOLLAR,103.8144,103.7144,103.9144
10/7/2019,US DOLLAR,103.8406,103.7406,103.9406
10/8/2019,US DOLLAR,103.7956,103.6956,103.8956
10/9/2019,US DOLLAR,103.7806,103.6833,103.8778
10/11/2019,US DOLLAR,103.7567,103.6567,103.8567
10/14/2019,US DOLLAR,103.7678,103.6678,103.8678
10/15/2019,US DOLLAR,103.79,103.69,103.89
10/16/2019,US DOLLAR,103.7,103.6,103.8
10/17/2019,US DOLLAR,103.7139,103.6139,103.8139
10/18/2019,US DOLLAR,103.7,103.6,103.8
10/22/2019,US DOLLAR,103.7278,103.6278,103.8278
10/23/2019,US DOLLAR,103.5756,103.4756,103.6756
10/24/2019,US DOLLAR,103.5111,103.4111,103.6111
10/25/2019,US DOLLAR,103.2528,103.1528,103.3528
10/28/2019,US DOLLAR,103.5222,103.4222,103.6222
10/29/2019,US DOLLAR,103.5567,103.4567,103.6567
10/30/2019,US DOLLAR,103.4072,103.3072,103.5072
10/31/2019,US DOLLAR,103.2059,103.1088,103.3029
11/1/2019,US DOLLAR,103.2765,103.1794,103.3735
11/4/2019,US DOLLAR,103.2653,103.1682,103.3624
11/5/2019,US DOLLAR,103.2682,103.1741,103.3624
11/6/2019,US DOLLAR,103.1871,103.09,103.2841
11/7/2019,US DOLLAR,102.9529,102.8529,103.0529
11/8/2019,US DOLLAR,102.8088,102.7118,102.9059
11/11/2019,US DOLLAR,102.4971,102.3971,102.5971
11/12/2019,US DOLLAR,102.4106,102.3106,102.5106
11/13/2019,US DOLLAR,102.4206,102.3206,102.5206
11/14/2019,US DOLLAR,102.0971,101.9971,102.1971
11/15/2019,US DOLLAR,102.0765,101.9765,102.1765
11/18/2019,US DOLLAR,101.9676,101.8676,102.0676
11/19/2019,US DOLLAR,101.9294,101.8294,102.0294
11/20/2019,US DOLLAR,101.7971,101.6971,101.8971
11/21/2019,US DOLLAR,101.4765,101.3765,101.5765
11/22/2019,US DOLLAR,101.3618,101.2618,101.4618
11/25/2019,US DOLLAR,101.55,101.45,101.65
11/26/2019,US DOLLAR,102.0206,101.9206,102.1206
11/27/2019,US DOLLAR,102.4253,102.3253,102.5253
11/28/2019,US DOLLAR,102.5424,102.4424,102.6424
11/29/2019,US DOLLAR,102.8065,102.7065,102.9065
12/2/2019,US DOLLAR,102.5959,102.4959,102.6959
12/3/2019,US DOLLAR,102.6147,102.5147,102.7147
12/4/2019,US DOLLAR,102.3,102.2,102.4
12/5/2019,US DOLLAR,101.9576,101.8576,102.0576
12/6/2019,US DOLLAR,101.7529,101.6529,101.8529
12/9/2019,US DOLLAR,101.6691,101.5735,101.7647
12/10/2019,US DOLLAR,101.4159,101.3159,101.5159
12/11/2019,US DOLLAR,101.4953,101.3953,101.5953
12/13/2019,US DOLLAR,101.6676,101.5676,101.7676
12/16/2019,US DOLLAR,101.6788,101.5788,101.7788
12/17/2019,US DOLLAR,101.6224,101.5224,101.7224
12/18/2019,US DOLLAR,101.5424,101.4424,101.6424
12/19/2019,US DOLLAR,100.9006,100.8006,101.0006
12/20/2019,US DOLLAR,100.7118,100.6118,100.8118
12/23/2019,US DOLLAR,100.7,100.6,100.8
12/24/2019,US DOLLAR,100.6324,100.5324,100.7324
12/27/2019,US DOLLAR,100.7676,100.6676,100.8676
12/30/2019,US DOLLAR,101.1588,101.0588,101.2588
12/31/2019,US DOLLAR,101.3365,101.2365,101.4365
1/2/2020,US DOLLAR,101.3429,101.2429,101.4429
1/3/2020,US DOLLAR,100.9588,100.8588,101.0588
1/6/2020,US DOLLAR,100.9806,100.8806,101.0806
1/7/2020,US DOLLAR,101.0618,100.9618,101.1618
1/8/2020,US DOLLAR,101.2588,101.1588,101.3588
1/9/2020,US DOLLAR,101.4688,101.3688,101.5688
1/10/2020,US DOLLAR,101.5929,101.4929,101.6929
1/13/2020,US DOLLAR,101.3412,101.2412,101.4412
1/14/2020,US DOLLAR,101.4912,101.3912,101.5912
1/15/2020,US DOLLAR,101.3912,101.2912,101.4912
1/16/2020,US DOLLAR,101.3835,101.2835,101.4835
1/17/2020,US DOLLAR,100.9735,100.8735,101.0735
1/20/2020,US DOLLAR,100.9471,100.8471,101.0471
1/21/2020,US DOLLAR,101.0971,100.9971,101.1971
1/22/2020,US DOLLAR,101.0324,100.9324,101.1324
1/23/2020,US DOLLAR,100.8735,100.7735,100.9735
1/24/2020,US DOLLAR,100.8553,100.7553,100.9553
1/27/2020,US DOLLAR,100.8765,100.7765,100.9765
1/27/2020,US DOLLAR,100.8765,100.7765,100.9765
1/28/2020,US DOLLAR,100.8715,100.7718,100.9712
1/29/2020,US DOLLAR,100.8735,100.7735,100.9735
1/30/2020,US DOLLAR,100.7471,100.6471,100.8471
1/31/2020,US DOLLAR,100.585,100.4853,100.6847
2/3/2020,US DOLLAR,100.4412,100.3412,100.5412
2/4/2020,US DOLLAR,100.4618,100.3618,100.5618
2/5/2020,US DOLLAR,100.3512,100.2512,100.4512
2/6/2020,US DOLLAR,100.3853,100.2853,100.4853
2/7/2020,US DOLLAR,100.4471,100.3471,100.5471
2/10/2020,US DOLLAR,100.5794,100.4794,100.6794
2/12/2020,US DOLLAR,100.6265,100.5265,100.7265
2/13/2020,US DOLLAR,100.6924,100.5924,100.7924
2/14/2020,US DOLLAR,100.5794,100.4794,100.6794
2/17/2020,US DOLLAR,100.6153,100.5153,100.7153
2/18/2020,US DOLLAR,100.8853,100.7853,100.9853
2/19/2020,US DOLLAR,101.0824,100.9824,101.1824
2/20/2020,US DOLLAR,101.2482,101.1482,101.3482
2/21/2020,US DOLLAR,101.2853,101.1853,101.3853
2/24/2020,US DOLLAR,101.2324,101.1324,101.3324
2/25/2020,US DOLLAR,101.15,101.05,101.25
2/26/2020,US DOLLAR,101.13,101.03,101.23
2/27/2020,US DOLLAR,100.9265,100.8265,101.0265
2/28/2020,US DOLLAR,100.9824,100.8824,101.0824
3/2/2020,US DOLLAR,101.1647,101.0647,101.2647
3/3/2020,US DOLLAR,101.3735,101.2735,101.4735
3/4/2020,US DOLLAR,102.3765,102.2765,102.4765
3/5/2020,US DOLLAR,102.8912,102.7912,102.9912
3/6/2020,US DOLLAR,102.5529,102.4529,102.6529
3/9/2020,US DOLLAR,102.6735,102.5735,102.7735
3/10/2020,US DOLLAR,102.8982,102.7982,102.9982
3/11/2020,US DOLLAR,102.7015,102.6029,102.8
3/12/2020,US DOLLAR,102.4735,102.3735,102.5735
3/13/2020,US DOLLAR,102.4235,102.3206,102.5265
3/16/2020,US DOLLAR,102.9,102.8029,102.9971
3/17/2020,US DOLLAR,103.3853,103.2853,103.4853
3/18/2020,US DOLLAR,103.7206,103.6206,103.8206
3/19/2020,US DOLLAR,104.2235,104.1235,104.3235
3/20/2020,US DOLLAR,105.0971,104.9941,105.2
3/23/2020,US DOLLAR,106.0118,105.9029,106.1206
3/24/2020,US DOLLAR,106.5441,106.4382,106.65
3/25/2020,US DOLLAR,106.4206,106.3176,106.5235
3/26/2020,US DOLLAR,106.1971,106.0971,106.2971
3/27/2020,US DOLLAR,105.1147,105.0147,105.2147
3/30/2020,US DOLLAR,104.4474,104.3447,104.55
3/31/2020,US DOLLAR,104.6926,104.5929,104.7924
4/1/2020,US DOLLAR,105.1106,105.0076,105.2135
4/2/2020,US DOLLAR,105.1882,105.0853,105.2912
4/3/2020,US DOLLAR,105.6653,105.5653,105.7653
4/6/2020,US DOLLAR,105.905,105.8053,106.0047
4/7/2020,US DOLLAR,106.1765,106.0765,106.2765
4/8/2020,US DOLLAR,106.4741,106.3741,106.5741
4/9/2020,US DOLLAR,106.0035,105.9035,106.1035
4/14/2020,US DOLLAR,105.9088,105.8088,106.0088
4/15/2020,US DOLLAR,105.9034,105.8038,106.0031
4/16/2020,US DOLLAR,105.9088,105.8088,106.0088
4/17/2020,US DOLLAR,106.2029,106.1029,106.3029
4/20/2020,US DOLLAR,106.7941,106.6941,106.8941
4/21/2020,US DOLLAR,106.8824,106.7824,106.9824
4/22/2020,US DOLLAR,106.9941,106.8941,107.0941
4/23/2020,US DOLLAR,107.1412,107.0412,107.2412
4/24/2020,US DOLLAR,107.2444,107.1447,107.3441
4/27/2020,US DOLLAR,106.9265,106.8265,107.0265
4/28/2020,US DOLLAR,107.2382,107.1382,107.3382
4/29/2020,US DOLLAR,107.275,107.1753,107.3747
4/30/2020,US DOLLAR,107.2915,107.1918,107.3912
5/4/2020,US DOLLAR,107.265,107.1653,107.3647
5/5/2020,US DOLLAR,106.6091,106.5094,106.7088
5/6/2020,US DOLLAR,106.3091,106.2094,106.4088
5/7/2020,US DOLLAR,106.0768,105.9771,106.1765
5/8/2020,US DOLLAR,106.0088,105.9088,106.1088
5/11/2020,US DOLLAR,106.0268,105.9271,106.1265
5/12/2020,US DOLLAR,106.1385,106.0388,106.2382
5/13/2020,US DOLLAR,106.5276,106.4276,106.6276
5/14/2020,US DOLLAR,106.5947,106.4947,106.6947
5/15/2020,US DOLLAR,106.8112,106.7112,106.9112
5/18/2020,US DOLLAR,107.0353,106.9353,107.1353
5/19/2020,US DOLLAR,106.69,106.59,106.79
5/20/2020,US DOLLAR,106.8,106.7,106.9
5/21/2020,US DOLLAR,106.8894,106.7894,106.9894
5/22/2020,US DOLLAR,106.9694,106.8694,107.0694
5/26/2020,US DOLLAR,107.0076,106.9076,107.1076
5/27/2020,US DOLLAR,107.1088,107.0088,107.2088
5/28/2020,US DOLLAR,107.0265,106.9265,107.1265
5/29/2020,US DOLLAR,106.9435,106.8435,107.0435
6/2/2020,US DOLLAR,106.7982,106.6982,106.8982
6/3/2020,US DOLLAR,106.4488,106.3488,106.5488
6/4/2020,US DOLLAR,106.1235,106.0235,106.2235
6/5/2020,US DOLLAR,106.0871,105.9871,106.1871
6/8/2020,US DOLLAR,106.14,106.04,106.24
6/9/2020,US DOLLAR,106.2971,106.1971,106.3971
6/10/2020,US DOLLAR,106.43,106.33,106.53
6/11/2020,US DOLLAR,106.5971,106.4971,106.6971
6/12/2020,US DOLLAR,106.5047,106.4047,106.6047
6/15/2020,US DOLLAR,106.45,106.35,106.55
6/16/2020,US DOLLAR,106.4912,106.3912,106.5912
6/17/2020,US DOLLAR,106.4853,106.3853,106.5853
6/18/2020,US DOLLAR,106.3206,106.2206,106.4206
6/19/2020,US DOLLAR,106.2882,106.1882,106.3882
6/22/2020,US DOLLAR,106.3265,106.2265,106.4265
6/23/2020,US DOLLAR,106.4194,106.3194,106.5194
6/24/2020,US DOLLAR,106.3694,106.2694,106.4694
6/25/2020,US DOLLAR,106.4029,106.3029,106.5029
6/26/2020,US DOLLAR,106.51,106.41,106.61
6/29/2020,US DOLLAR,106.4576,106.3576,106.5576
6/30/2020,US DOLLAR,106.5224,106.4224,106.6224
7/1/2020,US DOLLAR,106.5488,106.4488,106.6488
7/2/2020,US DOLLAR,106.54,106.44,106.64
7/3/2020,US DOLLAR,106.6662,106.5665,106.7659
7/6/2020,US DOLLAR,106.6106,106.5106,106.7106
7/7/2020,US DOLLAR,106.5912,106.4912,106.6912
7/8/2020,US DOLLAR,106.7471,106.6471,106.8471
7/9/2020,US DOLLAR,106.9618,106.8618,107.0618
7/10/2020,US DOLLAR,106.9003,106.8006,107
7/13/2020,US DOLLAR,107.0512,106.9512,107.1512
7/14/2020,US DOLLAR,107.1471,107.0476,107.2465
7/15/2020,US DOLLAR,107.285,107.1853,107.3847
7/16/2020,US DOLLAR,107.3494,107.2494,107.4494
7/17/2020,US DOLLAR,107.4582,107.3582,107.5582
7/20/2020,US DOLLAR,107.4329,107.3329,107.5329
7/21/2020,US DOLLAR,107.6209,107.5212,107.7206
7/22/2020,US DOLLAR,107.8797,107.78,107.9794
7/23/2020,US DOLLAR,108.1288,108.0288,108.2288
7/24/2020,US DOLLAR,108.02,107.92,108.12
7/27/2020,US DOLLAR,107.7888,107.6888,107.8888
7/28/2020,US DOLLAR,107.7191,107.6188,107.8194
7/29/2020,US DOLLAR,107.7118,107.6118,107.8118
7/30/2020,US DOLLAR,107.7074,107.6076,107.8071
8/3/2020,US DOLLAR,107.7118,107.6118,107.8118
8/4/2020,US DOLLAR,107.8174,107.7176,107.9171
8/5/2020,US DOLLAR,107.8941,107.7941,107.9941
8/6/2020,US DOLLAR,107.9459,107.8459,108.0459
8/7/2020,US DOLLAR,108.0024,107.9024,108.1024
8/10/2020,US DOLLAR,108.0294,107.9294,108.1294
8/11/2020,US DOLLAR,108.1162,108.0165,108.2159
8/12/2020,US DOLLAR,108.3329,108.2329,108.4329
8/13/2020,US DOLLAR,108.3918,108.2918,108.4918
8/14/2020,US DOLLAR,108.2897,108.19,108.3894
8/17/2020,US DOLLAR,108.3185,108.2188,108.4182
8/18/2020,US DOLLAR,108.3129,108.2129,108.4129
8/19/2020,US DOLLAR,108.4206,108.3206,108.5206
8/20/2020,US DOLLAR,108.5588,108.4588,108.6588
8/21/2020,US DOLLAR,108.0088,107.9088,108.1088
8/24/2020,US DOLLAR,108.0147,107.9147,108.1147
8/25/2020,US DOLLAR,108.0379,107.9382,108.1376
8/26/2020,US DOLLAR,108.1203,108.0206,108.22
8/27/2020,US DOLLAR,108.1529,108.0529,108.2529
8/28/2020,US DOLLAR,108.2221,108.1224,108.3218
8/31/2020,US DOLLAR,108.2088,108.1088,108.3088
9/1/2020,US DOLLAR,108.2147,108.1147,108.3147
9/2/2020,US DOLLAR,108.2615,108.1618,108.3612
9/3/2020,US DOLLAR,108.3029,108.2029,108.4029
9/4/2020,US DOLLAR,108.3224,108.2224,108.4224
9/7/2020,US DOLLAR,108.3282,108.2282,108.4282
9/8/2020,US DOLLAR,108.3353,108.2353,108.4353
9/9/2020,US DOLLAR,108.3735,108.2735,108.4735
9/10/2020,US DOLLAR,108.3971,108.2971,108.4971
9/11/2020,US DOLLAR,108.4488,108.3488,108.5488
9/14/2020,US DOLLAR,108.5,108.4,108.6
9/15/2020,US DOLLAR,108.5559,108.4559,108.6559
9/16/2020,US DOLLAR,108.6379,108.5382,108.7376
9/17/2020,US DOLLAR,108.3794,108.2794,108.4794
9/18/2020,US DOLLAR,108.3912,108.2912,108.4912
9/21/2020,US DOLLAR,108.4,108.3,108.5
9/22/2020,US DOLLAR,108.3618,108.2618,108.4618
9/23/2020,US DOLLAR,108.4176,108.3176,108.5176
9/24/2020,US DOLLAR,108.4126,108.3129,108.5124
9/25/2020,US DOLLAR,108.4691,108.3694,108.5688
9/28/2020,US DOLLAR,108.4779,108.3782,108.5776
9/29/2020,US DOLLAR,108.4879,108.3882,108.5876
9/30/2020,US DOLLAR,108.4971,108.3971,108.5971
10/1/2020,US DOLLAR,108.4471,108.3471,108.5471
10/2/2020,US DOLLAR,108.4853,108.3853,108.5853
10/5/2020,US DOLLAR,108.4921,108.3924,108.5918
10/6/2020,US DOLLAR,108.5026,108.4029,108.6024
10/7/2020,US DOLLAR,108.5276,108.4276,108.6276
10/8/2020,US DOLLAR,108.5294,108.4294,108.6294
10/9/2020,US DOLLAR,108.5168,108.4171,108.6165
10/12/2020,US DOLLAR,108.5262,108.4265,108.6259
10/13/2020,US DOLLAR,108.5497,108.45,108.6494
10/14/2020,US DOLLAR,108.5853,108.4853,108.6853
10/15/2020,US DOLLAR,108.6053,108.5053,108.7053
10/16/2020,US DOLLAR,108.6224,108.5224,108.7224
10/19/2020,US DOLLAR,108.6765,108.5765,108.7765
10/21/2020,US DOLLAR,108.7185,108.6188,108.8182
10/22/2020,US DOLLAR,108.7482,108.6482,108.8482
10/23/2020,US DOLLAR,108.7735,108.6735,108.8735
10/26/2020,US DOLLAR,108.7882,108.6882,108.8882
10/27/2020,US DOLLAR,108.8265,108.7265,108.9265
10/28/2020,US DOLLAR,108.8353,108.7353,108.9353
10/29/2020,US DOLLAR,108.8265,108.7265,108.9265
10/30/2020,US DOLLAR,108.8188,108.7188,108.9188
11/2/2020,US DOLLAR,108.8324,108.7324,108.9324
11/3/2020,US DOLLAR,108.8382,108.7382,108.9382
11/4/2020,US DOLLAR,108.8647,108.7647,108.9647
11/5/2020,US DOLLAR,108.8682,108.7682,108.9682
11/6/2020,US DOLLAR,108.9059,108.8059,109.0059
11/9/2020,US DOLLAR,108.9182,108.8182,109.0182
11/10/2020,US DOLLAR,108.9347,108.8347,109.0347
11/11/2020,US DOLLAR,108.9665,108.8665,109.0665
11/12/2020,US DOLLAR,109.0341,108.9341,109.1341
11/13/2020,US DOLLAR,109.1118,109.0118,109.2118
11/16/2020,US DOLLAR,109.2015,109.1018,109.3012
11/17/2020,US DOLLAR,109.2335,109.1335,109.3335
11/18/2020,US DOLLAR,109.26,109.16,109.36
11/19/2020,US DOLLAR,109.3188,109.2188,109.4188
11/20/2020,US DOLLAR,109.3924,109.2924,109.4924
11/23/2020,US DOLLAR,109.4547,109.3547,109.5547
11/24/2020,US DOLLAR,109.54,109.44,109.64
11/25/2020,US DOLLAR,109.7194,109.6194,109.8194
11/26/2020,US DOLLAR,109.86,109.76,109.96
11/27/2020,US DOLLAR,109.9847,109.8847,110.0847
11/30/2020,US DOLLAR,110.0535,109.9535,110.1535
12/1/2020,US DOLLAR,110.0712,109.9712,110.1712
12/2/2020,US DOLLAR,110.0959,109.9959,110.1959
12/3/2020,US DOLLAR,110.6694,110.5694,110.7694
12/4/2020,US DOLLAR,111.0618,110.9618,111.1618
12/7/2020,US DOLLAR,111.1318,111.0318,111.2318
12/8/2020,US DOLLAR,111.3971,111.2971,111.4971
12/9/2020,US DOLLAR,111.41,111.31,111.51
12/10/2020,US DOLLAR,111.4388,111.3388,111.5388
12/11/2020,US DOLLAR,111.4812,111.3812,111.5812
12/14/2020,US DOLLAR,111.5276,111.4276,111.6276
12/15/2020,US DOLLAR,111.5635,111.4635,111.6635
12/16/2020,US DOLLAR,111.5871,111.4871,111.6871
12/17/2020,US DOLLAR,111.5912,111.4912,111.6912
12/18/2020,US DOLLAR,111.5718,111.4718,111.6718
12/21/2020,US DOLLAR,111.4453,111.3453,111.5453
12/22/2020,US DOLLAR,111.0382,110.9382,111.1382
12/23/2020,US DOLLAR,109.4441,109.3441,109.5441
12/24/2020,US DOLLAR,108.7882,108.6882,108.8882
12/28/2020,US DOLLAR,108.7676,108.6676,108.8676
12/29/2020,US DOLLAR,108.7694,108.6694,108.8694
12/30/2020,US DOLLAR,109.0353,108.9353,109.1353
12/31/2020,US DOLLAR,109.1718,109.0718,109.2718
1/4/2021,US DOLLAR,109.2165,109.1165,109.3165
1/5/2021,US DOLLAR,109.2853,109.1853,109.3853
1/6/2021,US DOLLAR,109.3794,109.2794,109.4794
1/7/2021,US DOLLAR,109.4718,109.3718,109.5718
1/8/2021,US DOLLAR,109.55,109.45,109.65
1/11/2021,US DOLLAR,109.55,109.45,109.65
1/12/2021,US DOLLAR,109.5471,109.4471,109.6471
1/13/2021,US DOLLAR,109.6682,109.5682,109.7682
1/14/2021,US DOLLAR,109.9706,109.8706,110.0706
1/15/2021,US DOLLAR,110.1,110,110.2
1/18/2021,US DOLLAR,110.0729,109.9729,110.1729
1/19/2021,US DOLLAR,110.1029,110.0029,110.2029
1/20/2021,US DOLLAR,110.1829,110.0829,110.2829
1/21/2021,US DOLLAR,110.1853,110.0853,110.2853
1/22/2021,US DOLLAR,109.8088,109.7088,109.9088
1/25/2021,US DOLLAR,110.0235,109.9235,110.1235
1/26/2021,US DOLLAR,110.0941,109.9941,110.1941
1/27/2021,US DOLLAR,110.1,110,110.2
1/28/2021,US DOLLAR,110.1482,110.0482,110.2482
1/29/2021,US DOLLAR,110.1441,110.0441,110.2441
2/1/2021,US DOLLAR,110.15,110.05,110.25
2/2/2021,US DOLLAR,110.1471,110.0471,110.2471
2/3/2021,US DOLLAR,110.0071,109.9071,110.1071
2/4/2021,US DOLLAR,109.8647,109.7647,109.9647
2/5/2021,US DOLLAR,109.8206,109.7206,109.9206
2/8/2021,US DOLLAR,109.6559,109.5559,109.7559
2/9/2021,US DOLLAR,109.6441,109.5441,109.7441
2/10/2021,US DOLLAR,109.5518,109.4518,109.6518
2/11/2021,US DOLLAR,109.4512,109.3512,109.5512
2/12/2021,US DOLLAR,109.4429,109.3429,109.5429
2/15/2021,US DOLLAR,109.4471,109.3471,109.5471
2/16/2021,US DOLLAR,109.45,109.35,109.55
2/17/2021,US DOLLAR,109.4588,109.3588,109.5588
2/18/2021,US DOLLAR,109.5471,109.4471,109.6471
2/19/2021,US DOLLAR,109.55,109.45,109.65
2/22/2021,US DOLLAR,109.5971,109.4971,109.6971
2/23/2021,US DOLLAR,109.6,109.5,109.7
2/24/2021,US DOLLAR,109.7015,109.6029,109.8
2/25/2021,US DOLLAR,109.7676,109.6676,109.8676
2/26/2021,US DOLLAR,109.8,109.7,109.9
3/1/2021,US DOLLAR,109.8029,109.7029,109.9029
3/2/2021,US DOLLAR,109.8,109.7,109.9
3/3/2021,US DOLLAR,109.8,109.7,109.9
3/4/2021,US DOLLAR,109.6941,109.5941,109.7941
3/5/2021,US DOLLAR,109.6518,109.5518,109.7518
3/8/2021,US DOLLAR,109.64,109.54,109.74
3/9/2021,US DOLLAR,109.6488,109.5488,109.7488
3/10/2021,US DOLLAR,109.6488,109.5488,109.7488
3/11/2021,US DOLLAR,109.6488,109.5488,109.7488
3/12/2021,US DOLLAR,109.6488,109.5488,109.7488
3/15/2021,US DOLLAR,109.6488,109.5488,109.7488
3/16/2021,US DOLLAR,109.6547,109.5547,109.7547
3/17/2021,US DOLLAR,109.6941,109.5941,109.7941
3/18/2021,US DOLLAR,109.7971,109.6971,109.8971
3/19/2021,US DOLLAR,109.8576,109.7576,109.9576
3/22/2021,US DOLLAR,109.8559,109.7559,109.9559
3/23/2021,US DOLLAR,109.8588,109.7588,109.9588
3/24/2021,US DOLLAR,109.85,109.75,109.95
3/25/2021,US DOLLAR,109.8147,109.7147,109.9147
3/26/2021,US DOLLAR,109.7853,109.6853,109.8853
3/29/2021,US DOLLAR,109.7529,109.6529,109.8529
3/30/2021,US DOLLAR,109.7176,109.6176,109.8176
3/31/2021,US DOLLAR,109.5118,109.4118,109.6118
4/1/2021,US DOLLAR,109.35,109.25,109.45
4/6/2021,US DOLLAR,108.9218,108.8218,109.0218
4/7/2021,US DOLLAR,108.6029,108.5029,108.7029
4/8/2021,US DOLLAR,108.2412,108.1412,108.3412
4/9/2021,US DOLLAR,107.9706,107.8706,108.0706
4/12/2021,US DOLLAR,107.2882,107.1882,107.3882
4/13/2021,US DOLLAR,107.1,107,107.2
4/14/2021,US DOLLAR,106.8971,106.7971,106.9971
4/15/2021,US DOLLAR,106.8059,106.7059,106.9059
4/16/2021,US DOLLAR,107.06,106.96,107.16
4/19/2021,US DOLLAR,107.4929,107.3929,107.5929
4/20/2021,US DOLLAR,107.9488,107.8488,108.0488
4/21/2021,US DOLLAR,108.1118,108.0118,108.2118
4/22/2021,US DOLLAR,108.4206,108.3206,108.5206
4/23/2021,US DOLLAR,108.5265,108.4265,108.6265
4/26/2021,US DOLLAR,108.5353,108.4353,108.6353
4/27/2021,US DOLLAR,108.1,108,108.2
4/28/2021,US DOLLAR,107.8471,107.7471,107.9471
4/29/2021,US DOLLAR,107.8382,107.7382,107.9382
4/30/2021,US DOLLAR,107.8441,107.7441,107.9441
5/3/2021,US DOLLAR,107.8441,107.7441,107.9441
5/4/2021,US DOLLAR,107.7147,107.6147,107.8147
5/5/2021,US DOLLAR,107.2559,107.1559,107.3559
5/6/2021,US DOLLAR,106.9794,106.8794,107.0794
5/7/2021,US DOLLAR,106.8588,106.7588,106.9588
5/10/2021,US DOLLAR,106.7353,106.6353,106.8353
5/11/2021,US DOLLAR,106.5382,106.4382,106.6382
5/12/2021,US DOLLAR,106.7971,106.6971,106.8971
5/13/2021,US DOLLAR,107.0235,106.9235,107.1235
5/17/2021,US DOLLAR,107.1735,107.0735,107.2735
5/18/2021,US DOLLAR,107.2824,107.1824,107.3824
5/19/2021,US DOLLAR,107.5224,107.4224,107.6224
5/20/2021,US DOLLAR,107.9235,107.8235,108.0235
5/21/2021,US DOLLAR,108.2294,108.1294,108.3294
5/24/2021,US DOLLAR,108.2382,108.1382,108.3382
5/25/2021,US DOLLAR,108.0235,107.9235,108.1235
5/26/2021,US DOLLAR,107.7353,107.6353,107.8353
5/27/2021,US DOLLAR,107.5735,107.4735,107.6735
5/28/2021,US DOLLAR,107.5382,107.4382,107.6382
5/31/2021,US DOLLAR,107.5912,107.4912,107.6912
6/2/2021,US DOLLAR,107.6941,107.5941,107.7941
6/3/2021,US DOLLAR,107.7324,107.6324,107.8324
6/4/2021,US DOLLAR,107.7997,107.7,107.8994
6/7/2021,US DOLLAR,107.8382,107.7382,107.9382
6/8/2021,US DOLLAR,107.9,107.8,108
6/9/2021,US DOLLAR,107.95,107.85,108.05
6/10/2021,US DOLLAR,107.9029,107.8029,108.0029
6/11/2021,US DOLLAR,107.9,107.8,108
6/14/2021,US DOLLAR,107.8006,107.7006,107.9006
6/15/2021,US DOLLAR,107.7935,107.6935,107.8935
6/16/2021,US DOLLAR,107.7706,107.6706,107.8706
6/17/2021,US DOLLAR,107.7971,107.6971,107.8971
6/18/2021,US DOLLAR,107.8,107.7,107.9
6/21/2021,US DOLLAR,107.8,107.7,107.9
6/22/2021,US DOLLAR,107.8,107.7,107.9
6/23/2021,US DOLLAR,107.7971,107.6971,107.8971
6/24/2021,US DOLLAR,107.7706,107.6706,107.8706
6/25/2021,US DOLLAR,107.7529,107.6529,107.8529
6/28/2021,US DOLLAR,107.75,107.65,107.85
6/29/2021,US DOLLAR,107.7824,107.6824,107.8824
6/30/2021,US DOLLAR,107.85,107.75,107.95
7/1/2021,US DOLLAR,107.9206,107.8206,108.0206
7/2/2021,US DOLLAR,107.9529,107.8529,108.0529
7/5/2021,US DOLLAR,107.9441,107.8441,108.0441
7/6/2021,US DOLLAR,107.95,107.85,108.05
7/7/2021,US DOLLAR,107.95,107.85,108.05
7/8/2021,US DOLLAR,107.95,107.85,108.05
7/9/2021,US DOLLAR,107.95,107.85,108.05
7/12/2021,US DOLLAR,107.95,107.85,108.05
7/13/2021,US DOLLAR,107.95,107.85,108.05
7/14/2021,US DOLLAR,107.9824,107.8824,108.0824
7/15/2021,US DOLLAR,108.0324,107.9324,108.1324
7/16/2021,US DOLLAR,108.1882,108.0882,108.2882
7/19/2021,US DOLLAR,108.2,108.1,108.3
7/21/2021,US DOLLAR,108.2,108.1,108.3
7/22/2021,US DOLLAR,108.2,108.1,108.3
7/23/2021,US DOLLAR,108.2,108.1,108.3
7/26/2021,US DOLLAR,108.2941,108.1941,108.3941
7/27/2021,US DOLLAR,108.4941,108.3941,108.5941
7/28/2021,US DOLLAR,108.5206,108.4206,108.6206
7/29/2021,US DOLLAR,108.5912,108.4912,108.6912
7/30/2021,US DOLLAR,108.6088,108.5088,108.7088
8/2/2021,US DOLLAR,108.6265,108.5265,108.7265
8/3/2021,US DOLLAR,108.6324,108.5324,108.7324
8/4/2021,US DOLLAR,108.6471,108.5471,108.7471
8/5/2021,US DOLLAR,108.6735,108.5735,108.7735
8/6/2021,US DOLLAR,108.7241,108.6241,108.8241
8/9/2021,US DOLLAR,108.7688,108.6688,108.8688
8/10/2021,US DOLLAR,108.8382,108.7382,108.9382
8/11/2021,US DOLLAR,109.0176,108.9176,109.1176
8/12/2021,US DOLLAR,109.1353,109.0353,109.2353
8/13/2021,US DOLLAR,109.1971,109.0971,109.2971
8/16/2021,US DOLLAR,109.2559,109.1559,109.3559
8/17/2021,US DOLLAR,109.3588,109.2588,109.4588
8/18/2021,US DOLLAR,109.4176,109.3176,109.5176
8/19/2021,US DOLLAR,109.4853,109.3853,109.5853
8/20/2021,US DOLLAR,109.5324,109.4324,109.6324
8/23/2021,US DOLLAR,109.5529,109.4529,109.6529
8/24/2021,US DOLLAR,109.5982,109.4982,109.6982
8/25/2021,US DOLLAR,109.6324,109.5324,109.7324
8/26/2021,US DOLLAR,109.7059,109.6059,109.8059
8/27/2021,US DOLLAR,109.7776,109.6776,109.8776
8/30/2021,US DOLLAR,109.8182,109.7182,109.9182
8/31/2021,US DOLLAR,109.8718,109.7718,109.9718
9/1/2021,US DOLLAR,109.8894,109.7924,109.9865
9/2/2021,US DOLLAR,109.9335,109.8335,110.0335
9/3/2021,US DOLLAR,109.9865,109.8865,110.0865
9/6/2021,US DOLLAR,110.0306,109.9306,110.1306
9/7/2021,US DOLLAR,110.0512,109.9512,110.1512
9/8/2021,US DOLLAR,110.08,109.98,110.18
9/9/2021,US DOLLAR,110.0988,109.9988,110.1988
9/10/2021,US DOLLAR,109.8735,109.7735,109.9735
9/13/2021,US DOLLAR,109.8676,109.7676,109.9676
9/14/2021,US DOLLAR,109.8529,109.7529,109.9529
9/15/2021,US DOLLAR,109.9441,109.8441,110.0441
9/16/2021,US DOLLAR,110.0294,109.9294,110.1294
9/17/2021,US DOLLAR,110.0941,109.9941,110.1941
9/20/2021,US DOLLAR,110.1659,110.0659,110.2659
9/21/2021,US DOLLAR,110.1971,110.0971,110.2971
9/22/2021,US DOLLAR,110.2765,110.1765,110.3765
9/23/2021,US DOLLAR,110.3882,110.2882,110.4882
9/24/2021,US DOLLAR,110.3765,110.2765,110.4765
9/27/2021,US DOLLAR,110.3824,110.2824,110.4824
9/28/2021,US DOLLAR,110.4018,110.3018,110.5018
9/29/2021,US DOLLAR,110.4494,110.3494,110.5494
9/30/2021,US DOLLAR,110.4859,110.3859,110.5859
10/1/2021,US DOLLAR,110.4947,110.3947,110.5947
10/4/2021,US DOLLAR,110.5088,110.4088,110.6088
10/5/2021,US DOLLAR,110.5529,110.4529,110.6529
10/6/2021,US DOLLAR,110.6194,110.5194,110.7194
10/7/2021,US DOLLAR,110.6929,110.5929,110.7929
10/8/2021,US DOLLAR,110.7165,110.6165,110.8165
10/12/2021,US DOLLAR,110.7371,110.6371,110.8371
10/13/2021,US DOLLAR,110.7694,110.6694,110.8694
10/14/2021,US DOLLAR,110.8106,110.7106,110.9106
10/15/2021,US DOLLAR,110.8676,110.7676,110.9676
10/18/2021,US DOLLAR,110.8941,110.7941,110.9941
10/19/2021,US DOLLAR,110.9118,110.8118,111.0118
10/21/2021,US DOLLAR,111.0176,110.9176,111.1176
10/22/2021,US DOLLAR,111.0559,110.9559,111.1559
10/25/2021,US DOLLAR,111.0853,110.9853,111.1853
10/26/2021,US DOLLAR,111.1265,111.0265,111.2265
10/27/2021,US DOLLAR,111.1471,111.0471,111.2471
10/28/2021,US DOLLAR,111.1529,111.0529,111.2529
10/29/2021,US DOLLAR,111.2147,111.1147,111.3147
11/1/2021,US DOLLAR,111.2441,111.1441,111.3441
11/2/2021,US DOLLAR,111.2941,111.1941,111.3941
11/3/2021,US DOLLAR,111.3559,111.2559,111.4559
11/4/2021,US DOLLAR,111.4382,111.3382,111.5382
11/5/2021,US DOLLAR,111.5471,111.4471,111.6471
11/8/2021,US DOLLAR,111.5941,111.4941,111.6941
11/9/2021,US DOLLAR,111.6541,111.5541,111.7541
11/10/2021,US DOLLAR,111.7,111.6,111.8
11/11/2021,US DOLLAR,111.7735,111.6735,111.8735
11/12/2021,US DOLLAR,111.8147,111.7147,111.9147
11/15/2021,US DOLLAR,111.9118,111.8118,112.0118
11/16/2021,US DOLLAR,111.9735,111.8735,112.0735
11/17/2021,US DOLLAR,112.0118,111.9118,112.1118
11/18/2021,US DOLLAR,112.1088,112.0088,112.2088
11/19/2021,US DOLLAR,112.1824,112.0824,112.2824
11/22/2021,US DOLLAR,112.2529,112.1529,112.3529
11/23/2021,US DOLLAR,112.2882,112.1882,112.3882
11/24/2021,US DOLLAR,112.35,112.25,112.45
11/25/2021,US DOLLAR,112.3647,112.2647,112.4647
11/26/2021,US DOLLAR,112.3853,112.2853,112.4853
11/29/2021,US DOLLAR,112.4441,112.3441,112.5441
11/30/2021,US DOLLAR,112.4882,112.3882,112.5882
12/1/2021,US DOLLAR,112.5235,112.4235,112.6235
12/2/2021,US DOLLAR,112.5647,112.4647,112.6647
12/3/2021,US DOLLAR,112.6265,112.5265,112.7265
12/6/2021,US DOLLAR,112.6735,112.5735,112.7735
12/7/2021,US DOLLAR,112.7059,112.6059,112.8059
12/8/2021,US DOLLAR,112.8088,112.7088,112.9088
12/9/2021,US DOLLAR,112.8571,112.7571,112.9571
12/10/2021,US DOLLAR,112.8876,112.7876,112.9876
12/14/2021,US DOLLAR,112.9147,112.8147,113.0147
12/15/2021,US DOLLAR,112.9235,112.8235,113.0235
12/16/2021,US DOLLAR,112.9559,112.8559,113.0559
12/17/2021,US DOLLAR,113.0059,112.9059,113.1059
12/20/2021,US DOLLAR,113.0265,112.9265,113.1265
12/21/2021,US DOLLAR,113.0441,112.9441,113.1441
12/22/2021,US DOLLAR,113.0471,112.9471,113.1471
12/23/2021,US DOLLAR,113.0618,112.9618,113.1618
12/24/2021,US DOLLAR,113.0794,112.9794,113.1794
12/28/2021,US DOLLAR,113.1,113,113.2
12/29/2021,US DOLLAR,113.1059,113.0059,113.2059
12/30/2021,US DOLLAR,113.1265,113.0265,113.2265
12/31/2021,US DOLLAR,113.1412,113.0412,113.2412
1/3/2022,US DOLLAR,113.1382,113.0382,113.2382
1/4/2022,US DOLLAR,113.1559,113.0559,113.2559
1/5/2022,US DOLLAR,113.1735,113.0735,113.2735
1/6/2022,US DOLLAR,113.1853,113.0853,113.2853
1/7/2022,US DOLLAR,113.2206,113.1206,113.3206
1/10/2022,US DOLLAR,113.2382,113.1382,113.3382
1/11/2022,US DOLLAR,113.2765,113.1765,113.3765
1/12/2022,US DOLLAR,113.3118,113.2118,113.4118
1/13/2022,US DOLLAR,113.3329,113.2329,113.4329
1/14/2022,US DOLLAR,113.3676,113.2676,113.4676
1/17/2022,US DOLLAR,113.3941,113.2941,113.4941
1/18/2022,US DOLLAR,113.4147,113.3147,113.5147
1/19/2022,US DOLLAR,113.4676,113.3676,113.5676
1/20/2022,US DOLLAR,113.5,113.4,113.6
1/21/2022,US DOLLAR,113.5176,113.4176,113.6176
1/24/2022,US DOLLAR,113.5294,113.4294,113.6294
1/25/2022,US DOLLAR,113.5382,113.4382,113.6382
1/26/2022,US DOLLAR,113.5471,113.4471,113.6471
1/27/2022,US DOLLAR,113.5471,113.4471,113.6471
1/28/2022,US DOLLAR,113.5706,113.4706,113.6706
1/31/2022,US DOLLAR,113.5735,113.4735,113.6735
2/1/2022,US DOLLAR,113.5765,113.4765,113.6765
2/2/2022,US DOLLAR,113.5765,113.4765,113.6765
2/3/2022,US DOLLAR,113.5865,113.4865,113.6865
2/4/2022,US DOLLAR,113.6029,113.5029,113.7029
2/7/2022,US DOLLAR,113.6088,113.5088,113.7088
2/8/2022,US DOLLAR,113.6206,113.5206,113.7206
2/9/2022,US DOLLAR,113.6265,113.5265,113.7265
2/10/2022,US DOLLAR,113.6265,113.5265,113.7265
2/11/2022,US DOLLAR,113.6265,113.5265,113.7265
2/14/2022,US DOLLAR,113.6265,113.5265,113.7265
2/15/2022,US DOLLAR,113.6294,113.5294,113.7294
2/16/2022,US DOLLAR,113.6353,113.5353,113.7353
2/17/2022,US DOLLAR,113.6382,113.5382,113.7382
2/18/2022,US DOLLAR,113.6735,113.5735,113.7735
2/21/2022,US DOLLAR,113.6882,113.5882,113.7882
2/22/2022,US DOLLAR,113.6941,113.5941,113.7941
2/23/2022,US DOLLAR,113.7424,113.6424,113.8424
2/24/2022,US DOLLAR,113.8,113.7,113.9
2/25/2022,US DOLLAR,113.8206,113.7206,113.9206
2/28/2022,US DOLLAR,113.8353,113.7353,113.9353
3/1/2022,US DOLLAR,113.8412,113.7412,113.9412
3/2/2022,US DOLLAR,113.8529,113.7529,113.9529
3/3/2022,US DOLLAR,113.8894,113.7894,113.9894
3/4/2022,US DOLLAR,113.9147,113.8147,114.0147
3/7/2022,US DOLLAR,113.9471,113.8471,114.0471
3/8/2022,US DOLLAR,114.0129,113.9129,114.1129
3/9/2022,US DOLLAR,114.0753,113.9753,114.1753
3/10/2022,US DOLLAR,114.1353,114.0353,114.2353
3/11/2022,US DOLLAR,114.1794,114.0794,114.2794
3/14/2022,US DOLLAR,114.1853,114.0853,114.2853
3/15/2022,US DOLLAR,114.2324,114.1324,114.3324
3/16/2022,US DOLLAR,114.2865,114.1865,114.3865
3/17/2022,US DOLLAR,114.3144,114.2159,114.4129
3/18/2022,US DOLLAR,114.3806,114.2806,114.4806
3/21/2022,US DOLLAR,114.3953,114.2953,114.4953
3/22/2022,US DOLLAR,114.4353,114.3353,114.5353
3/23/2022,US DOLLAR,114.4971,114.3971,114.5971
3/24/2022,US DOLLAR,114.6,114.5,114.7
3/25/2022,US DOLLAR,114.6853,114.5853,114.7853
3/28/2022,US DOLLAR,114.7529,114.6529,114.8529
3/29/2022,US DOLLAR,114.825,114.725,114.925
3/30/2022,US DOLLAR,114.8731,114.7731,114.9731
3/31/2022,US DOLLAR,114.9513,114.8512,115.0512
4/1/2022,US DOLLAR,114.995,114.895,115.095
4/4/2022,US DOLLAR,115.0375,114.9375,115.1375
4/5/2022,US DOLLAR,115.0969,114.9969,115.1969
4/6/2022,US DOLLAR,115.1206,115.0206,115.2206
4/7/2022,US DOLLAR,115.1941,115.0941,115.2941
4/8/2022,US DOLLAR,115.2882,115.1882,115.3882
4/11/2022,US DOLLAR,115.3324,115.2324,115.4324
4/12/2022,US DOLLAR,115.3765,115.2765,115.4765
4/13/2022,US DOLLAR,115.4088,115.3088,115.5088
4/14/2022,US DOLLAR,115.4382,115.3382,115.5382
4/19/2022,US DOLLAR,115.4847,115.3847,115.5847
4/20/2022,US DOLLAR,115.5059,115.4059,115.6059
4/21/2022,US DOLLAR,115.5441,115.4441,115.6441
4/22/2022,US DOLLAR,115.5971,115.4971,115.6971
4/25/2022,US DOLLAR,115.6529,115.5529,115.7529
4/26/2022,US DOLLAR,115.6971,115.5971,115.7971
4/27/2022,US DOLLAR,115.7412,115.6412,115.8412
4/28/2022,US DOLLAR,115.7735,115.6735,115.8735
5/4/2022,US DOLLAR,115.8059,115.7059,115.9059
5/5/2022,US DOLLAR,115.8441,115.7441,115.9441
5/6/2022,US DOLLAR,115.9047,115.8047,116.0047
5/9/2022,US DOLLAR,115.9459,115.8459,116.0459
5/10/2022,US DOLLAR,115.9959,115.8959,116.0959
5/11/2022,US DOLLAR,116.0676,115.9676,116.1676
5/12/2022,US DOLLAR,116.0971,115.9971,116.1971
5/13/2022,US DOLLAR,116.1235,116.0235,116.2235
5/16/2022,US DOLLAR,116.1735,116.0735,116.2735
5/17/2022,US DOLLAR,116.2441,116.1441,116.3441
5/18/2022,US DOLLAR,116.3176,116.2176,116.4176
5/19/2022,US DOLLAR,116.3735,116.2765,116.4706
5/20/2022,US DOLLAR,116.4059,116.3059,116.5059
5/23/2022,US DOLLAR,116.4706,116.3706,116.5706
5/24/2022,US DOLLAR,116.5176,116.4176,116.6176
5/25/2022,US DOLLAR,116.5794,116.4794,116.6794
5/26/2022,US DOLLAR,116.6165,116.5165,116.7165
5/27/2022,US DOLLAR,116.6868,116.5882,116.7853
5/30/2022,US DOLLAR,116.7147,116.6147,116.8147
5/31/2022,US DOLLAR,116.7382,116.6382,116.8382
6/2/2022,US DOLLAR,116.81,116.71,116.91
6/3/2022,US DOLLAR,116.8306,116.7306,116.9306
6/6/2022,US DOLLAR,116.8482,116.7482,116.9482
6/7/2022,US DOLLAR,116.9,116.8,117
6/8/2022,US DOLLAR,116.95,116.85,117.05
6/9/2022,US DOLLAR,117.01,116.91,117.11
6/10/2022,US DOLLAR,117.0471,116.9471,117.1471
6/13/2022,US DOLLAR,117.1,117,117.2
6/14/2022,US DOLLAR,117.1676,117.0676,117.2676
6/15/2022,US DOLLAR,117.2353,117.1353,117.3353
6/16/2022,US DOLLAR,117.2853,117.1853,117.3853
6/17/2022,US DOLLAR,117.3265,117.2265,117.4265
6/20/2022,US DOLLAR,117.3971,117.2971,117.4971
6/21/2022,US DOLLAR,117.4353,117.3353,117.5353
